Workbook

Sheet inaltime_met_1
A1: ID | B1: Specie | C1: Înălțime_CHM
A2: 1 | B2: Mar | C2: 1.3199889
A3: 2 | B3: Mar | C3: 1.7647844
A4: 3 | B4: Mar | C4: 2.3798769
A5: 4 | B5: Mar | C5: 1.9129922
A6: 5 | B6: Gutui | C6: 0.044043783
A7: 6 | B7: Mar | C7: 2.0128399
A8: 7 | B8: Prun | C8: 0.013332241
A9: 8 | B9: Mar | C9: 0.0179245
A10: 9 | B10: Par | C10: 1.4298865
A11: 10 | B11: Par | C11: 0.62952362
A12: 11 | B12: Par | C12: 1.4224783
A13: 12 | B13: Par | C13: 0.0058483592
... A16: 15 | B16: Prun | C16: 1.6760145
A17: Medie valori: | C17: =AVERAGE(C2:C16) -> 1.1550235

Sheet inaltime_met_2
A1: ID | B1: Specie | C1: Înălțime_DSM
A2: 1 | B2: Mar | C2: 2.401
A3: 2 | B3: Mar | C3: 3.048
A4: 3 | B4: Mar | C4: 3.884
A5: 4 | B5: Mar | C5: 2.807
A6: 5 | B6: Gutui | C6: 1.779
A7: 6 | B7: Mar | C7: 2.778
A8: 7 | B8: Prun | C8: 0.019
A9: 8 | B9: Mar | C9: 0.073
A10: 9 | B10: Par | C10: 2.078
A11: 10 | B11: Par | C11: 1.757
A12: 11 | B12: Par | C12: 3.017
A13: 12 | B13: Par | C13: 0.068
... A16: 15 | B16: Prun | C16: 3.69
A17: Medie valori: | C17: =AVERAGE(C2:C16) -> 2.2548

Sheet inaltime_met_3
A1: ID | B1: Specie | C1: Înălțime_CloudCompare
A2: 1 | B2: Mar | C2: 2.5999908
A3: 2 | B3: Mar | C3: 3.1900024
A4: 3 | B4: Mar | C4: 3.9099884
A5: 4 | B5: Mar | C5: 2.9880004
A6: 5 | B6: Gutui | C6: 2.1399994
A7: 6 | B7: Mar | C7: 2.9266713
A8: 7 | B8: Prun | C8: 0.24000549
A9: 8 | B9: Mar | C9: 1.5599976
A10: 9 | B10: Par | C10: 2.2399902
A11: 10 | B11: Par | C11: 1.9000092
A12: 11 | B12: Par | C12: 3.2400055
A13: 12 | B13: Par | C13: 0.18000793
... A16: 15 | B16: Prun | C16: 4.0699921
A17: Medie valori: | C17: =AVERAGE(C2:C16) -> 2.5281773

Sheet comparatie_metode
A1: ID | B1: Specie | C1: Înălțime CHM (m) | D1: Înălțime DSM (m) | E1: Înălțime CloudCompare (m) | F1: Teren (m) | G1: Detectat de toate
A2: 1 | B2: Mar | C2: 1.3199889 | D2: 2.401 | E2: 2.5999908 | F2: 2.9 | G2: =IF(AND(C2>=$J$2, D2>=$J$2, E2>=$J$2), "DA", "NU") -> DA | I2: Prag detectie (m): | J2: 0.3
A3: 2 | B3: Mar | C3: 1.7647844 | D3: 3.048 | E3: 3.1900024 | F3: 3.25 | G3: =IF(AND(C3>=$J$2, D3>=$J$2, E3>=$J$2), "DA", "NU") -> DA | I3: (sub acest prag este considerat "nedetectat")
A4: 3 | B4: Mar | C4: 2.3798769 | D4: 3.884 | E4: 3.9099884 | F4: 3.6 | G4: =IF(AND(C4>=$J$2, D4>=$J$2, E4>=$J$2), "DA", "NU") -> DA
A5: 4 | B5: Mar | C5: 1.9129922 | D5: 2.807 | E5: 2.9880004 | F5: 3.2 | G5: =IF(AND(C5>=$J$2, D5>=$J$2, E5>=$J$2), "DA", "NU") -> DA
A6: 5 | B6: Gutui | C6: 0.044043783 | D6: 1.779 | E6: 2.1399994 | F6: 3.05 | G6: =IF(AND(C6>=$J$2, D6>=$J$2, E6>=$J$2), "DA", "NU") -> NU
A7: 6 | B7: Mar | C7: 2.0128399 | D7: 2.778 | E7: 2.9266713 | F7: 3.3 | G7: =IF(AND(C7>=$J$2, D7>=$J$2, E7>=$J$2), "DA", "NU") -> DA
A8: 7 | B8: Prun | C8: 0.013332241 | D8: 0.019 | E8: 0.24000549 | F8: 3.4 | G8: =IF(AND(C8>=$J$2, D8>=$J$2, E8>=$J$2), "DA", "NU") -> NU
A9: 8 | B9: Mar | C9: 0.0179245 | D9: 0.073 | E9: 1.5599976 | F9: 2 | G9: =IF(AND(C9>=$J$2, D9>=$J$2, E9>=$J$2), "DA", "NU") -> NU
A10: 9 | B10: Par | C10: 1.4298865 | D10: 2.078 | E10: 2.2399902 | F10: 2.5 | G10: =IF(AND(C10>=$J$2, D10>=$J$2, E10>=$J$2), "DA", "NU") -> DA
A11: 10 | B11: Par | C11: 0.62952362 | D11: 1.757 | E11: 1.9000092 | F11: 2.3 | G11: =IF(AND(C11>=$J$2, D11>=$J$2, E11>=$J$2), "DA", "NU") -> DA
A12: 11 | B12: Par | C12: 1.4224783 | D12: 3.017 | E12: 3.2400055 | F12: 3.1 | G12: =IF(AND(C12>=$J$2, D12>=$J$2, E12>=$J$2), "DA", "NU") -> DA
A13: 12 | B13: Par | C13: 0.0058483592 | D13: 0.068 | E13: 0.18000793 | F13: 2.1 | G13: =IF(AND(C13>=$J$2, D13>=$J$2, E13>=$J$2), "DA", "NU") -> NU
A14: 13 | B14: Prun | C14: 0.88832191 | D14: 2.517 | E14: 2.6879961 | F14: 3.65 | G14: =IF(AND(C14>=$J$2, D14>=$J$2, E14>=$J$2), "DA", "NU") -> DA
A15: 14 | B15: Prun | C15: 1.8074968 | D15: 3.906 | E15: 4.0500031 | F15: 4.2 | G15: =IF(AND(C15>=$J$2, D15>=$J$2, E15>=$J$2), "DA", "NU") -> DA
A16: 15 | B16: Prun | C16: 1.6760145 | D16: 3.69 | E16: 4.0699921 | F16: 4.5 | G16: =IF(AND(C16>=$J$2, D16>=$J$2, E16>=$J$2), "DA", "NU") -> DA

Sheet Analiza_validare
A1: Rata de detectie
A2: Metoda | B2: Pomi detectati | C2: Total pomi | D2: Rata detectie
A3: CHM | B3: =COUNTIF(comparatie_metode!C2:C16,">="&comparatie_metode!$J$2) -> 11 | C3: 15 | D3: =B3/C3 -> 0.73333333
A4: DSM | B4: =COUNTIF(comparatie_metode!D2:D16,">="&comparatie_metode!$J$2) -> 12 | C4: 15 | D4: =B4/C4 -> 0.8
A5: CloudCompare | B5: =COUNTIF(comparatie_metode!E2:E16,">="&comparatie_metode!$J$2) -> 13 | C5: 15 | D5: =B5/C5 -> 0.86666667
A9: Precizie
A10: Metoda | B10: RMSE (m) | C10: MAE (m) | D10: Bias mediu (m) | E10: Interpretare
A11: CHM | B11: {=SQRT(SUMPRODUCT((comparatie_metode!$G$2:$G$16="DA")*(comparatie_metode!C2:C16-comparatie_metode!$F$2:$F$16)^2)/COUNTIF(comparatie_metode!$G$2:$G$16,"DA"))} -> 1.8483338 | C11: {=SUMPRODUCT((comparatie_metode!$G$2:$G$16="DA")*ABS(comparatie_metode!C2:C16-comparatie_metode!$F$2:$F$16))/COUNTIF(comparatie_metode!$G$2:$G$16,"DA")} -> 1.7505269 | D11: {=SUMPRODUCT((comparatie_metode!$G$2:$G$16="DA")*(comparatie_metode!C2:C16-comparatie_metode!$F$2:$F$16))/COUNTIF(comparatie_metode!$G$2:$G$16,"DA")} -> -1.7505269 | E11: =IF(D11<0,"subestimeaza","supraestimeaza") -> subestimeaza
A12: DSM | B12: {=SQRT(SUMPRODUCT((comparatie_metode!$G$2:$G$16="DA")*(comparatie_metode!D2:D16-comparatie_metode!$F$2:$F$16)^2)/COUNTIF(comparatie_metode!$G$2:$G$16,"DA"))} -> 0.54800805 | C12: {=SUMPRODUCT((comparatie_metode!$G$2:$G$16="DA")*ABS(comparatie_metode!D2:D16-comparatie_metode!$F$2:$F$16))/COUNTIF(comparatie_metode!$G$2:$G$16,"DA")} -> 0.47136364 | D12: {=SUMPRODUCT((comparatie_metode!$G$2:$G$16="DA")*(comparatie_metode!D2:D16-comparatie_metode!$F$2:$F$16))/COUNTIF(comparatie_metode!$G$2:$G$16,"DA")} -> -0.41972727 | E12: =IF(D12<0,"subestimeaza","supraestimeaza") -> subestimeaza
A13: CloudCompare | B13: {=SQRT(SUMPRODUCT((comparatie_metode!$G$2:$G$16="DA")*(comparatie_metode!E2:E16-comparatie_metode!$F$2:$F$16)^2)/COUNTIF(comparatie_metode!$G$2:$G$16,"DA"))} -> 0.39932589 | C13: {=SUMPRODUCT((comparatie_metode!$G$2:$G$16="DA")*ABS(comparatie_metode!E2:E16-comparatie_metode!$F$2:$F$16))/COUNTIF(comparatie_metode!$G$2:$G$16,"DA")} -> 0.32703075 | D13: {=SUMPRODUCT((comparatie_metode!$G$2:$G$16="DA")*(comparatie_metode!E2:E16-comparatie_metode!$F$2:$F$16))/COUNTIF(comparatie_metode!$G$2:$G$16,"DA")} -> -0.24521368 | E13: =IF(D13<0,"subestimeaza","supraestimeaza") -> subestimeaza
